--
-- PostgreSQL database dump
--

-- Dumped from database version 13.3
-- Dumped by pg_dump version 13.3

SET statement_timeout = 0;
SET lock_timeout = 0;
SET idle_in_transaction_session_timeout = 0;
SET client_encoding = 'UTF8';
SET standard_conforming_strings = on;
SELECT pg_catalog.set_config('search_path', '', false);
SET check_function_bodies = false;
SET xmloption = content;
SET client_min_messages = warning;
SET row_security = off;

SET default_tablespace = '';

SET default_table_access_method = heap;

--
-- Name: appointments; Type: TABLE; Schema: public; Owner: diet
--

CREATE TABLE public.appointments (
    id integer NOT NULL,
    clientsid integer,
    datetime timestamp without time zone
);


ALTER TABLE public.appointments OWNER TO diet;

--
-- Name: appointments_id_seq; Type: SEQUENCE; Schema: public; Owner: diet
--

ALTER TABLE public.appointments ALTER COLUMN id ADD GENERATED BY DEFAULT AS IDENTITY (
    SEQUENCE NAME public.appointments_id_seq
    START WITH 1
    INCREMENT BY 1
    NO MINVALUE
    NO MAXVALUE
    CACHE 1
);


--
-- Name: caloriesinfo_id_seq; Type: SEQUENCE; Schema: public; Owner: diet
--

CREATE SEQUENCE public.caloriesinfo_id_seq
    START WITH 1
    INCREMENT BY 1
    NO MINVALUE
    NO MAXVALUE
    CACHE 1;


ALTER TABLE public.caloriesinfo_id_seq OWNER TO diet;

--
-- Name: caloriesinfo; Type: TABLE; Schema: public; Owner: diet
--

CREATE TABLE public.caloriesinfo (
    id integer DEFAULT nextval('public.caloriesinfo_id_seq'::regclass) NOT NULL,
    sex character varying(6),
    type character varying(8),
    agemin integer,
    agemax integer,
    calories integer
);


ALTER TABLE public.caloriesinfo OWNER TO diet;

--
-- Name: clientdiet_id_seq; Type: SEQUENCE; Schema: public; Owner: diet
--

CREATE SEQUENCE public.clientdiet_id_seq
    START WITH 1
    INCREMENT BY 1
    NO MINVALUE
    NO MAXVALUE
    CACHE 1;


ALTER TABLE public.clientdiet_id_seq OWNER TO diet;

--
-- Name: clientdiet; Type: TABLE; Schema: public; Owner: diet
--

CREATE TABLE public.clientdiet (
    id integer DEFAULT nextval('public.clientdiet_id_seq'::regclass) NOT NULL,
    clientsid integer,
    clientshistoryid integer,
    datetime timestamp without time zone,
    typesa character varying(8),
    diet_type character varying(25),
    monday text,
    tuesday text,
    wednesday text,
    thursday text,
    friday text,
    saturday text,
    sunday text
);


ALTER TABLE public.clientdiet OWNER TO diet;

--
-- Name: clients; Type: TABLE; Schema: public; Owner: diet
--

CREATE TABLE public.clients (
    id integer NOT NULL,
    fullname character varying(40),
    sex character varying(6),
    age integer,
    height character varying(5),
    tel bigint,
    email character varying(50),
    alergies character varying(100),
    healthprobs character varying(100)
);


ALTER TABLE public.clients OWNER TO diet;

--
-- Name: clients_id_seq; Type: SEQUENCE; Schema: public; Owner: diet
--

ALTER TABLE public.clients ALTER COLUMN id ADD GENERATED BY DEFAULT AS IDENTITY (
    SEQUENCE NAME public.clients_id_seq
    START WITH 5
    INCREMENT BY 1
    NO MINVALUE
    NO MAXVALUE
    CACHE 1
);


--
-- Name: clientshistory; Type: TABLE; Schema: public; Owner: diet
--

CREATE TABLE public.clientshistory (
    id integer NOT NULL,
    clientsid integer,
    datetime timestamp without time zone,
    kg integer,
    fatperc integer,
    musclemass integer,
    bmi integer,
    visceralfat integer,
    waterperc integer
);


ALTER TABLE public.clientshistory OWNER TO diet;

--
-- Name: clientshistory_id_seq; Type: SEQUENCE; Schema: public; Owner: diet
--

ALTER TABLE public.clientshistory ALTER COLUMN id ADD GENERATED BY DEFAULT AS IDENTITY (
    SEQUENCE NAME public.clientshistory_id_seq
    START WITH 1
    INCREMENT BY 1
    NO MINVALUE
    NO MAXVALUE
    CACHE 1
);


--
-- Name: food_options_id_seq; Type: SEQUENCE; Schema: public; Owner: diet
--

CREATE SEQUENCE public.food_options_id_seq
    START WITH 1
    INCREMENT BY 1
    NO MINVALUE
    NO MAXVALUE
    CACHE 1;


ALTER TABLE public.food_options_id_seq OWNER TO diet;

--
-- Name: food_options; Type: TABLE; Schema: public; Owner: diet
--

CREATE TABLE public.food_options (
    id integer DEFAULT nextval('public.food_options_id_seq'::regclass) NOT NULL,
    name text,
    type text,
    calories double precision,
    fat double precision,
    protein double precision,
    carbohydrates double precision,
    carbs double precision
);


ALTER TABLE public.food_options OWNER TO diet;

--
-- Data for Name: appointments; Type: TABLE DATA; Schema: public; Owner: diet
--

COPY public.appointments (id, clientsid, datetime) FROM stdin;
1	1	2021-05-05 14:00:00
2	2	2021-05-05 15:00:00
3	3	2021-05-05 16:00:00
4	1	2021-05-30 18:00:00
5	2	2021-06-17 13:00:00
6	2	2021-06-17 15:00:00
7	2	2021-06-17 17:00:00
8	1	2021-07-02 13:00:00
9	5	2021-07-21 15:00:00
\.


--
-- Data for Name: caloriesinfo; Type: TABLE DATA; Schema: public; Owner: diet
--

COPY public.caloriesinfo (id, sex, type, agemin, agemax, calories) FROM stdin;
1	 Child	Standard	2	3	1000
2	 Child	Active	2	3	1400
3	 Child	Athletic	2	3	1400
4	Female	Standard	4	8	1200
5	Female	Active	4	8	1600
6	Female	Athletic	4	8	1800
7	Female	Standard	9	13	1600
8	Female	Active	9	13	2000
9	Female	Athletic	9	13	2000
10	Female	Standard	14	18	1800
11	Female	Active	14	18	2000
12	Female	Athletic	14	18	2400
13	Female	Standard	19	30	2000
14	Female	Active	19	30	2200
15	Female	Athletic	19	30	2400
16	Female	Standard	31	50	1800
17	Female	Active	31	50	2000
18	Female	Athletic	31	50	2200
19	Female	Standard	51	100	1600
20	Female	Active	51	100	1800
21	Female	Athletic	51	100	2200
22	Male	Standard	4	8	1400
23	Male	Active	4	8	1600
24	Male	Athletic	4	8	2000
25	Male	Standard	9	13	1800
26	Male	Active	9	13	2200
27	Male	Athletic	9	13	2600
28	Male	Standard	14	18	2200
29	Male	Active	14	18	2800
30	Male	Athletic	14	18	3200
31	Male	Standard	19	30	2400
32	Male	Active	19	30	2800
33	Male	Athletic	19	30	3000
34	Male	Standard	31	50	2200
35	Male	Active	31	50	2600
36	Male	Athletic	31	50	3000
37	Male	Standard	51	100	2000
38	Male	Active	51	100	2400
39	Male	Athletic	51	100	2800
\.


--
-- Data for Name: clientdiet; Type: TABLE DATA; Schema: public; Owner: diet
--

COPY public.clientdiet (id, clientsid, clientshistoryid, datetime, typesa, diet_type, monday, tuesday, wednesday, thursday, friday, saturday, sunday) FROM stdin;
1	2	3	2021-05-05 15:00:00	Standard	Weight Loss	Breakfast Sandwich_Breakfast_{460_22_42_0_25},Crackers with 4 Table Spoons of cottage cheese_Snack_{163_2.3_28_0_6.2},Healthy Baked Fish Sticks_Main_{133_3_17_0_9},Crackers with 4 Table Spoons of cottage cheese_Snack_{163_2.3_28_0_6.2},Yogurt 0% fat 100 gr_Snack_{90_0_18_0_5},Baked Crispy Bananas _Main_{281_8_2_0_57},1290	Breakfast Sandwich_Breakfast_{460_22_42_0_25},Protein Shake_Snack_{160_4_30_5_0},Healthy Baked Fish Sticks_Main_{133_3_17_0_9},2 Crackers with diet Ham and Cheese_Snack_{129_5_15_0_16},Protein Shake_Snack_{160_4_30_5_0},Quinoa Eggs Benedict_Main_{282_19_17_0_9},1324	Fitness Cerials_Breakfast_{188_1_7.3_32.2_0},Fruits_Snack_{52_0_0_0_0},Greek Yogurt Shrimp Wraps_Main_{474_18_37_0_50},Crackers with 4 Table Spoons of cottage cheese_Snack_{163_2.3_28_0_6.2},2 Crackers with diet Ham and Cheese_Snack_{129_5_15_0_16},Tuna Salad_Main_{245_15_22_0_10},1251	Fitness Cerials_Breakfast_{188_1_7.3_32.2_0},Crackers with 4 Table Spoons of cottage cheese_Snack_{163_2.3_28_0_6.2},Chicken Noodle Pho_Main_{339_2_47_0_31},Crackers with 4 Table Spoons of cottage cheese_Snack_{163_2.3_28_0_6.2},Crackers with 4 Table Spoons of cottage cheese_Snack_{163_2.3_28_0_6.2},Quick Chicken Curry_Main_{322_14_39_0_10},1338	Breakfast Bowl_Breakfast_{558_25_29_0_60},Yogurt 0% fat 100 gr_Snack_{90_0_18_0_5},Egg Salad Sandwich Wrap_Main_{410_14_22_0_51},Fruits_Snack_{52_0_0_0_0},Fruits_Snack_{52_0_0_0_0},Salmon Stack_Main_{212_15_23_0_10},1374	Breakfast Bowl_Breakfast_{558_25_29_0_60},Fruits_Snack_{52_0_0_0_0},Citrus Shrimp with Sauteed Veggies_Main_{250_7_42_0_16},Yogurt 0% fat 100 gr_Snack_{90_0_18_0_5},Protein Shake_Snack_{160_4_30_5_0},Quinoa Eggs Benedict_Main_{282_19_17_0_9},1392	Breakfast Bowl_Breakfast_{558_25_29_0_60},Protein Shake_Snack_{160_4_30_5_0},Street Chicken Tacos_Main_{297_9_27_0_27},Yogurt 0% fat 100 gr_Snack_{90_0_18_0_5},Crackers with 4 Table Spoons of cottage cheese_Snack_{163_2.3_28_0_6.2},Chicken Burrito_Main_{490_15_37_0_54},1758
2	1	2	2021-05-30 18:00:00	Standard	Weight Loss	Breakfast Sandwich_Breakfast_{460_22_42_0_25},Yogurt 0% fat 100 gr_Snack_{90_0_18_0_5},Quinoa Eggs Benedict_Main_{282_19_17_0_9},Crackers with 4 Table Spoons of cottage cheese_Snack_{163_2.3_28_0_6.2},Fruits_Snack_{52_0_0_0_0},Avocado - Ranch Salad_Main_{207_9_7_0_27},1254	Burger For Breakfast_Breakfast_{409_18_31_0_32},Crackers with 4 Table Spoons of cottage cheese_Snack_{163_2.3_28_0_6.2},Chicken Pizza_Main_{475_13_55_0_35},Protein Shake_Snack_{160_4_30_5_0},2 Crackers with diet Ham and Cheese_Snack_{129_5_15_0_16},Chicken Pizza_Main_{475_13_55_0_35},1811	Fitness Cerials_Breakfast_{188_1_7.3_32.2_0},Protein Shake_Snack_{160_4_30_5_0},Chicken Pizza_Main_{475_13_55_0_35},Protein Shake_Snack_{160_4_30_5_0},Crackers with 4 Table Spoons of cottage cheese_Snack_{163_2.3_28_0_6.2},Sweet & Sour Chicken_Main_{315_7_43_0_21},1461	Breakfast Sandwich_Breakfast_{460_22_42_0_25},2 Crackers with diet Ham and Cheese_Snack_{129_5_15_0_16},Chicken Burrito_Main_{490_15_37_0_54},Protein Shake_Snack_{160_4_30_5_0},Protein Shake_Snack_{160_4_30_5_0},Grilled Steak Salad_Main_{250_13_48_27_0},1649	Burger For Breakfast_Breakfast_{409_18_31_0_32},Yogurt 0% fat 100 gr_Snack_{90_0_18_0_5},Grilled Mahi_Main_{230_7_37_0_16},Protein Shake_Snack_{160_4_30_5_0},Fruits_Snack_{52_0_0_0_0},Supreme Pepperoni Pizza_Main_{378_12_18_0_47},1319	Breakfast Bowl_Breakfast_{558_25_29_0_60},Crackers with 4 Table Spoons of cottage cheese_Snack_{163_2.3_28_0_6.2},Healthy Baked Fish Sticks_Main_{133_3_17_0_9},Fruits_Snack_{52_0_0_0_0},2 Crackers with diet Ham and Cheese_Snack_{129_5_15_0_16},Veggie Quinoa Cakes_Main_{356_10_21_0_48},1391	Breakfast Bowl_Breakfast_{558_25_29_0_60},Fruits_Snack_{52_0_0_0_0},Fast and Easy Pot Roast_Main_{520_26_53_0_14},2 Crackers with diet Ham and Cheese_Snack_{129_5_15_0_16},Fruits_Snack_{52_0_0_0_0},Not So Green Salad_Main_{388_20_13_0_43},1699
3	1	2	2021-05-05 14:00:00	Standard	Weight Loss	Burger For Breakfast_Breakfast_{409_18_31_0_32},Protein Shake_Snack_{160_4_30_5_0},Citrus Shrimp with Sauteed Veggies_Main_{250_7_42_0_16},Fruits_Snack_{52_0_0_0_0},2 Crackers with diet Ham and Cheese_Snack_{129_5_15_0_16},Salmon Stack_Main_{212_15_23_0_10},1212	3 Egg (1 whole and 2 white)_Breakfast_{70_5_6_1_0},Yogurt 0% fat 100 gr_Snack_{90_0_18_0_5},Pesto Pita Pizza_Main_{269_12_27_0_12},Protein Shake_Snack_{160_4_30_5_0},2 Crackers with diet Ham and Cheese_Snack_{129_5_15_0_16},Southwestern Chicken Quesadillas_Main_{250_13_48_27_0},968	Weetabix (2 biscuits) + 1.5% milk_Breakfast_{136_0.8_4.5_26_0},Fruits_Snack_{52_0_0_0_0},Quick Chicken Curry_Main_{322_14_39_0_10},Protein Shake_Snack_{160_4_30_5_0},Yogurt 0% fat 100 gr_Snack_{90_0_18_0_5},Steak Burritos _Main_{471_16_31_0_49},1231	Breakfast Sandwich_Breakfast_{460_22_42_0_25},Crackers with 4 Table Spoons of cottage cheese_Snack_{163_2.3_28_0_6.2},Lemon Baked Chicken_Main_{353_16_57_0_97},Fruits_Snack_{52_0_0_0_0},Fruits_Snack_{52_0_0_0_0},Balsamic Chicken and Veggies_Main_{269_12_27_0_12},1349	Breakfast Bowl_Breakfast_{558_25_29_0_60},Fruits_Snack_{52_0_0_0_0},Fast and Easy Pot Roast_Main_{520_26_53_0_14},Fruits_Snack_{52_0_0_0_0},Crackers with 4 Table Spoons of cottage cheese_Snack_{163_2.3_28_0_6.2},Citrus Shrimp with Sauteed Veggies_Main_{250_7_42_0_16},1595	3 Egg (1 whole and 2 white)_Breakfast_{70_5_6_1_0},Protein Shake_Snack_{160_4_30_5_0},Marinaded Chicken Fajitas_Main_{572_6_58_0_80},2 Crackers with diet Ham and Cheese_Snack_{129_5_15_0_16},Protein Shake_Snack_{160_4_30_5_0},Grilled Mahi_Main_{230_7_37_0_16},1321	Breakfast Bowl_Breakfast_{558_25_29_0_60},Protein Shake_Snack_{160_4_30_5_0},Steak Burritos _Main_{471_16_31_0_49},Crackers with 4 Table Spoons of cottage cheese_Snack_{163_2.3_28_0_6.2},Yogurt 0% fat 100 gr_Snack_{90_0_18_0_5},Spinash Chicken_Main_{450_18_30_0_35},1892
4	3	8	2021-05-05 16:00:00	Standard	Weight Loss	Breakfast Bowl_Breakfast_{558_25_29_0_60},Protein Shake_Snack_{160_4_30_5_0},Egg Salad Sandwich Wrap_Main_{410_14_22_0_51},Protein Shake_Snack_{160_4_30_5_0},Yogurt 0% fat 100 gr_Snack_{90_0_18_0_5},Balsamic Chicken and Veggies_Main_{269_12_27_0_12},1647	Breakfast Bowl_Breakfast_{558_25_29_0_60},Fruits_Snack_{52_0_0_0_0},Chicken Noodle Pho_Main_{339_2_47_0_31},Crackers with 4 Table Spoons of cottage cheese_Snack_{163_2.3_28_0_6.2},Fruits_Snack_{52_0_0_0_0},Supreme Pepperoni Pizza_Main_{378_12_18_0_47},1542	Fitness Cerials_Breakfast_{188_1_7.3_32.2_0},Fruits_Snack_{52_0_0_0_0},Avocado - Ranch Salad_Main_{207_9_7_0_27},Fruits_Snack_{52_0_0_0_0},Protein Shake_Snack_{160_4_30_5_0},Chicken Burrito_Main_{490_15_37_0_54},1149	3 Egg (1 whole and 2 white)_Breakfast_{70_5_6_1_0},Yogurt 0% fat 100 gr_Snack_{90_0_18_0_5},Veggie Omelete_Main_{390_15_25_35_0},Crackers with 4 Table Spoons of cottage cheese_Snack_{163_2.3_28_0_6.2},Crackers with 4 Table Spoons of cottage cheese_Snack_{163_2.3_28_0_6.2},California Cobb Salad_Main_{270_12_23_0_20},1146	Breakfast Sandwich_Breakfast_{460_22_42_0_25},Fruits_Snack_{52_0_0_0_0},Chicken Noodle Pho_Main_{339_2_47_0_31},2 Crackers with diet Ham and Cheese_Snack_{129_5_15_0_16},Protein Shake_Snack_{160_4_30_5_0},Street Chicken Tacos_Main_{297_9_27_0_27},1437	Weetabix (2 biscuits) + 1.5% milk_Breakfast_{136_0.8_4.5_26_0},Crackers with 4 Table Spoons of cottage cheese_Snack_{163_2.3_28_0_6.2},Balsamic Chicken and Veggies_Main_{269_12_27_0_12},Crackers with 4 Table Spoons of cottage cheese_Snack_{163_2.3_28_0_6.2},Yogurt 0% fat 100 gr_Snack_{90_0_18_0_5},Pesto Chicken _Main_{168_6_24_0_3},989	Weetabix (2 biscuits) + 1.5% milk_Breakfast_{136_0.8_4.5_26_0},Protein Shake_Snack_{160_4_30_5_0},Tuna Salad_Main_{245_15_22_0_10},Fruits_Snack_{52_0_0_0_0},Crackers with 4 Table Spoons of cottage cheese_Snack_{163_2.3_28_0_6.2},Greek Yogurt Shrimp Wraps_Main_{474_18_37_0_50},1230
5	1	9	2021-07-02 13:00:00	Standard	Muscle Gain	Breakfast Bowl_Breakfast_{558_25_29_0_60},Protein Shake_Snack_{160_4_30_5_0},Tex-Mex Turkey Tacos_Main_{510_17_58_0_35},Crackers with 4 Table Spoons of cottage cheese_Snack_{163_2.3_28_0_6.2},Crackers with 4 Table Spoons of cottage cheese_Snack_{163_2.3_28_0_6.2},Tex-Mex Turkey Tacos_Main_{510_17_58_0_35},2064	Burger For Breakfast_Breakfast_{409_18_31_0_32},Protein Shake_Snack_{160_4_30_5_0},New Favorite Filet_Main_{359_12_28_0_23},Yogurt 0% fat 100 gr_Snack_{90_0_18_0_5},Crackers with 4 Table Spoons of cottage cheese_Snack_{163_2.3_28_0_6.2},Marinaded Chicken Fajitas_Main_{572_6_58_0_80},1753	Breakfast Bowl_Breakfast_{558_25_29_0_60},Crackers with 4 Table Spoons of cottage cheese_Snack_{163_2.3_28_0_6.2},Grilled Mahi_Main_{230_7_37_0_16},Crackers with 4 Table Spoons of cottage cheese_Snack_{163_2.3_28_0_6.2},Yogurt 0% fat 100 gr_Snack_{90_0_18_0_5},Lemon Baked Chicken_Main_{353_16_57_0_97},1557	3 Egg (1 whole and 2 white)_Breakfast_{230_15.9_19_2_3},Yogurt 0% fat 100 gr_Snack_{90_0_18_0_5},Chicken Pizza_Main_{475_13_55_0_35},Protein Shake_Snack_{160_4_30_5_0},Protein Shake_Snack_{160_4_30_5_0},Grilled Steak Salad_Main_{250_13_48_27_0},1365	3 Egg (1 whole and 2 white)_Breakfast_{230_15.9_19_2_3},Protein Shake_Snack_{160_4_30_5_0},New Favorite Filet_Main_{359_12_28_0_23},Crackers with 4 Table Spoons of cottage cheese_Snack_{163_2.3_28_0_6.2},Crackers with 4 Table Spoons of cottage cheese_Snack_{163_2.3_28_0_6.2},Supreme Pepperoni Pizza_Main_{378_12_18_0_47},1453	Breakfast Sandwich_Breakfast_{460_22_42_0_25},Yogurt 0% fat 100 gr_Snack_{90_0_18_0_5},Pesto Pita Pizza_Main_{269_12_27_0_12},Protein Shake_Snack_{160_4_30_5_0},Crackers with 4 Table Spoons of cottage cheese_Snack_{163_2.3_28_0_6.2},Supreme Pepperoni Pizza_Main_{378_12_18_0_47},1520	3 Egg (1 whole and 2 white)_Breakfast_{230_15.9_19_2_3},Crackers with 4 Table Spoons of cottage cheese_Snack_{163_2.3_28_0_6.2},Salmon Stack_Main_{212_15_23_0_10},Crackers with 4 Table Spoons of cottage cheese_Snack_{163_2.3_28_0_6.2},Protein Shake_Snack_{160_4_30_5_0},Southwestern Chicken Quesadillas_Main_{250_13_48_27_0},1178
\.


--
-- Data for Name: clients; Type: TABLE DATA; Schema: public; Owner: diet
--

COPY public.clients (id, fullname, sex, age, height, tel, email, alergies, healthprobs) FROM stdin;
2	Konstantinos KOn	Male	22	181	6955859446	bake@gmail.com	Tomato	none
3	Stella kalog	Female	16	140	99427173	stella@gmail.com	None	Asthma
1	Stefanos Greg	Male	22	183	6987584167	greg@gmail.com	Olivies	None
4	test	male	22	160	6912345678	test@test.com	none	none
5	test1	Female	22	120	69696969	example@test.com	none	none
\.


--
-- Data for Name: clientshistory; Type: TABLE DATA; Schema: public; Owner: diet
--

COPY public.clientshistory (id, clientsid, datetime, kg, fatperc, musclemass, bmi, visceralfat, waterperc) FROM stdin;
1	1	2021-05-05 14:00:00	70	17	45	21	3	65
2	1	2021-05-30 18:00:00	70	15	50	21	2	70
3	2	2021-05-05 15:00:00	80	20	50	25	2	50
4	2	2021-06-17 13:00:00	70	14	55	22	1	80
5	2	2021-06-17 15:00:00	75	15	50	23	1	80
6	2	2021-06-17 17:00:00	70	13	66	22	1	80
8	3	2021-05-05 16:00:00	50	10	30	26	3	50
9	1	2021-07-02 13:00:00	80	10	60	24	2	70
\.


--
-- Data for Name: food_options; Type: TABLE DATA; Schema: public; Owner: diet
--

COPY public.food_options (id, name, type, calories, fat, protein, carbohydrates, carbs) FROM stdin;
1	Veggie Omelete	Main	390	15	25	35	0
2	Sweet & Sour Chicken	Main	315	7	43	0	21
3	Tuna Salad	Main	245	15	22	0	10
4	Southwestern Chicken Quesadillas	Main	250	13	48	27	0
5	Citrus Shrimp with Sauteed Veggies	Main	250	7	42	0	16
6	Pesto Pita Pizza	Main	269	12	27	0	12
7	Spicy Orange Chicken	Main	259	2	42	0	17
8	Spinash Chicken	Main	450	18	30	0	35
9	Avocado - Ranch Salad	Main	207	9	7	0	27
10	Baked Crispy Bananas 	Main	281	8	2	0	57
11	Balsamic Chicken and Veggies	Main	269	12	27	0	12
12	Healthy Baked Fish Sticks	Main	133	3	17	0	9
13	Turkey Wrap	Main	438	10	58	0	30
14	Chicken Noodle Pho	Main	339	2	47	0	31
15	Egg Salad Sandwich Wrap	Main	410	14	22	0	51
16	Grilled Mahi	Main	230	7	37	0	16
17	Tex-Mex Turkey Tacos	Main	510	17	58	0	35
18	Veggie Quinoa Cakes	Main	356	10	21	0	48
19	Lemon Dill Halibut	Main	269	10	33	0	4
20	50-50 Meatloaf	Main	259	9	31	0	10
21	Fast and Easy Pot Roast	Main	520	26	53	0	14
22	Chicken Pizza	Main	475	13	55	0	35
23	Greek Yogurt Shrimp Wraps	Main	474	18	37	0	50
24	Post Lift Steak	Main	376	16	45	0	13
25	Lemon Baked Chicken	Main	353	16	57	0	97
26	Carb Load Oatmeal	Main	310	8	8	0	57
27	Marinaded Chicken Fajitas	Main	572	6	58	0	80
28	Not So Green Salad	Main	388	20	13	0	43
29	Pesto Chicken 	Main	168	6	24	0	3
30	Quick Chicken Curry	Main	322	14	39	0	10
31	On the go Wraps	Main	321	12	19	0	35
32	BBQ Turkey Meatloaf	Main	312	13	30	0	17
33	Street Chicken Tacos	Main	297	9	27	0	27
34	Chicken Burrito	Main	490	15	37	0	54
35	Turkey Chili	Main	286	7.5	22.4	0	28.5
36	Quinoa Eggs Benedict	Main	282	19	17	0	9
37	Grilled Steak Salad	Main	250	13	48	27	0
38	California Cobb Salad	Main	270	12	23	0	20
39	Stuffed Oatmeal	Main	549	15	58	0	53
40	Salmon Stack	Main	212	15	23	0	10
41	New Favorite Filet	Main	359	12	28	0	23
42	Steak Burritos 	Main	471	16	31	0	49
43	Supreme Pepperoni Pizza	Main	378	12	18	0	47
44	Breakfast Bowl	Breakfast	558	25	29	0	60
45	Burger For Breakfast	Breakfast	409	18	31	0	32
46	Breakfast Sandwich	Breakfast	460	22	42	0	25
47	Weetabix (2 biscuits) + 1.5% milk	Breakfast	136	0.8	4.5	26	0
48	Fitness Cerials	Breakfast	188	1	7.3	32.2	0
50	Yogurt 0% fat 100 gr	Snack	90	0	18	0	5
51	Fruits	Snack	52	0	0	0	0
52	2 Crackers with diet Ham and Cheese	Snack	129	5	15	0	16
53	Crackers with 4 Table Spoons of cottage cheese	Snack	163	2.3	28	0	6.2
54	Protein Shake	Snack	160	4	30	5	0
49	3 Egg (1 whole and 2 white)	Breakfast	230	15.9	19	2	3
\.


--
-- Name: appointments_id_seq; Type: SEQUENCE SET; Schema: public; Owner: diet
--

SELECT pg_catalog.setval('public.appointments_id_seq', 9, true);


--
-- Name: caloriesinfo_id_seq; Type: SEQUENCE SET; Schema: public; Owner: diet
--

SELECT pg_catalog.setval('public.caloriesinfo_id_seq', 1, false);


--
-- Name: clientdiet_id_seq; Type: SEQUENCE SET; Schema: public; Owner: diet
--

SELECT pg_catalog.setval('public.clientdiet_id_seq', 5, true);


--
-- Name: clients_id_seq; Type: SEQUENCE SET; Schema: public; Owner: diet
--

SELECT pg_catalog.setval('public.clients_id_seq', 5, true);


--
-- Name: clientshistory_id_seq; Type: SEQUENCE SET; Schema: public; Owner: diet
--

SELECT pg_catalog.setval('public.clientshistory_id_seq', 9, true);


--
-- Name: food_options_id_seq; Type: SEQUENCE SET; Schema: public; Owner: diet
--

SELECT pg_catalog.setval('public.food_options_id_seq', 1, false);


--
-- Name: appointments appointments_datetime_key; Type: CONSTRAINT; Schema: public; Owner: diet
--

ALTER TABLE ONLY public.appointments
    ADD CONSTRAINT appointments_datetime_key UNIQUE (datetime);


--
-- Name: appointments appointments_pkey; Type: CONSTRAINT; Schema: public; Owner: diet
--

ALTER TABLE ONLY public.appointments
    ADD CONSTRAINT appointments_pkey PRIMARY KEY (id);


--
-- Name: caloriesinfo caloriesinfo_pkey; Type: CONSTRAINT; Schema: public; Owner: diet
--

ALTER TABLE ONLY public.caloriesinfo
    ADD CONSTRAINT caloriesinfo_pkey PRIMARY KEY (id);


--
-- Name: clientdiet clientdiet_pkey; Type: CONSTRAINT; Schema: public; Owner: diet
--

ALTER TABLE ONLY public.clientdiet
    ADD CONSTRAINT clientdiet_pkey PRIMARY KEY (id);


--
-- Name: clients clients_pkey; Type: CONSTRAINT; Schema: public; Owner: diet
--

ALTER TABLE ONLY public.clients
    ADD CONSTRAINT clients_pkey PRIMARY KEY (id);


--
-- Name: clientshistory clientshistory_datetime_key; Type: CONSTRAINT; Schema: public; Owner: diet
--

ALTER TABLE ONLY public.clientshistory
    ADD CONSTRAINT clientshistory_datetime_key UNIQUE (datetime);


--
-- Name: clientshistory clientshistory_pkey; Type: CONSTRAINT; Schema: public; Owner: diet
--

ALTER TABLE ONLY public.clientshistory
    ADD CONSTRAINT clientshistory_pkey PRIMARY KEY (id);


--
-- Name: food_options food_options_pkey; Type: CONSTRAINT; Schema: public; Owner: diet
--

ALTER TABLE ONLY public.food_options
    ADD CONSTRAINT food_options_pkey PRIMARY KEY (id);


--
-- Name: appointments appointments_clientsid_fkey; Type: FK CONSTRAINT; Schema: public; Owner: diet
--

ALTER TABLE ONLY public.appointments
    ADD CONSTRAINT appointments_clientsid_fkey FOREIGN KEY (clientsid) REFERENCES public.clients(id);


--
-- Name: clientdiet clientdiet_clientshistoryid_fkey; Type: FK CONSTRAINT; Schema: public; Owner: diet
--

ALTER TABLE ONLY public.clientdiet
    ADD CONSTRAINT clientdiet_clientshistoryid_fkey FOREIGN KEY (clientshistoryid) REFERENCES public.clientshistory(id);


--
-- Name: clientdiet clientdiet_clientsid_fkey; Type: FK CONSTRAINT; Schema: public; Owner: diet
--

ALTER TABLE ONLY public.clientdiet
    ADD CONSTRAINT clientdiet_clientsid_fkey FOREIGN KEY (clientsid) REFERENCES public.clients(id);


--
-- Name: clientdiet clientdiet_datetime_fkey; Type: FK CONSTRAINT; Schema: public; Owner: diet
--

ALTER TABLE ONLY public.clientdiet
    ADD CONSTRAINT clientdiet_datetime_fkey FOREIGN KEY (datetime) REFERENCES public.appointments(datetime);


--
-- Name: clientshistory clientshistory_clientsid_fkey; Type: FK CONSTRAINT; Schema: public; Owner: diet
--

ALTER TABLE ONLY public.clientshistory
    ADD CONSTRAINT clientshistory_clientsid_fkey FOREIGN KEY (clientsid) REFERENCES public.clients(id);


--
-- Name: clientshistory clientshistory_datetime_fkey; Type: FK CONSTRAINT; Schema: public; Owner: diet
--

ALTER TABLE ONLY public.clientshistory
    ADD CONSTRAINT clientshistory_datetime_fkey FOREIGN KEY (datetime) REFERENCES public.appointments(datetime);


--
-- PostgreSQL database dump complete
--

